,sector,symbol,date,open,high,low,close,volume,num_trades
0,Technology/IT,GOOGL,2025-01-02,190.65,192.0,187.5,189.43,20370828.0,328515
1,Technology/IT,GOOGL,2025-01-03,191.37,193.21,189.975,191.79,18596159.0,261756
2,Technology/IT,GOOGL,2025-01-06,193.98,198.2222,193.85,196.87,29563638.0,385128
3,Technology/IT,GOOGL,2025-01-07,197.11,201.0,194.6,195.49,26487244.0,363663
4,Technology/IT,GOOGL,2025-01-08,192.57,196.29,192.38,193.95,24864766.0,339162
5,Technology/IT,GOOGL,2025-01-10,194.295,196.52,190.31,192.04,26665206.0,379247
6,Technology/IT,GOOGL,2025-01-13,190.07,191.18,187.36,191.01,21823682.0,299677
7,Technology/IT,GOOGL,2025-01-14,191.24,191.98,188.3082,189.66,17174854.0,236897
8,Technology/IT,GOOGL,2025-01-15,193.09,196.36,191.86,195.55,21775969.0,270843
9,Technology/IT,GOOGL,2025-01-16,194.14,195.48,192.81,192.91,17515432.0,243138
10,Technology/IT,GOOGL,2025-01-17,196.53,197.23,193.75,196.0,27735089.0,277088
11,Technology/IT,GOOGL,2025-01-21,199.07,202.29,197.87,198.05,29956792.0,440059
12,Technology/IT,GOOGL,2025-01-22,199.06,200.48,197.53,198.37,26200605.0,343059
13,Technology/IT,GOOGL,2025-01-23,198.14,200.3,195.2,197.98,26951357.0,332356
14,Technology/IT,GOOGL,2025-01-24,198.1,200.9,198.0,200.21,23877521.0,293405
15,Technology/IT,GOOGL,2025-01-27,192.41,196.88,190.73,191.81,41728833.0,617249
16,Technology/IT,GOOGL,2025-01-28,192.745,195.48,190.68,195.3,24157929.0,332199
17,Technology/IT,GOOGL,2025-01-29,195.555,196.785,193.43,195.41,18217764.0,276384
18,Technology/IT,GOOGL,2025-01-30,198.0,201.4,197.67,200.87,24354684.0,336195
19,Technology/IT,GOOGL,2025-01-31,202.0,205.48,201.8,204.02,32041952.0,411503
20,Technology/IT,AMZN,2025-01-02,222.03,225.15,218.19,220.22,33956579.0,449631
21,Technology/IT,AMZN,2025-01-03,222.505,225.36,221.62,224.19,27503606.0,346975
22,Technology/IT,AMZN,2025-01-06,226.78,228.835,224.84,227.61,31849831.0,410686
23,Technology/IT,AMZN,2025-01-07,227.9,228.381,221.46,222.11,28084164.0,379570
24,Technology/IT,AMZN,2025-01-08,223.185,223.52,220.2,222.13,25033292.0,325539
25,Technology/IT,AMZN,2025-01-10,221.46,221.71,216.5,218.94,36811525.0,493840
26,Technology/IT,AMZN,2025-01-13,218.06,219.4,216.47,218.46,27262655.0,373519
27,Technology/IT,AMZN,2025-01-14,220.44,221.82,216.2,217.76,24711650.0,332022
28,Technology/IT,AMZN,2025-01-15,222.83,223.57,220.75,223.35,31291257.0,353985
29,Technology/IT,AMZN,2025-01-16,224.42,224.65,220.31,220.66,24457276.0,313322
30,Technology/IT,AMZN,2025-01-17,225.84,226.51,223.08,225.94,42355173.0,385913
31,Technology/IT,AMZN,2025-01-21,228.9,231.78,226.94,230.71,39951456.0,552447
32,Technology/IT,AMZN,2025-01-22,232.02,235.44,231.19,235.01,41448217.0,512233
33,Technology/IT,AMZN,2025-01-23,234.1,235.52,231.51,235.42,26404364.0,365153
34,Technology/IT,AMZN,2025-01-24,234.5,236.4,232.93,234.85,25840738.0,349377
35,Technology/IT,AMZN,2025-01-27,226.21,235.61,225.86,235.42,49428332.0,661486
36,Technology/IT,AMZN,2025-01-28,234.29,241.77,233.98,238.15,41587188.0,542344
37,Technology/IT,AMZN,2025-01-29,239.015,240.39,236.15,237.07,26088785.0,384888
38,Technology/IT,AMZN,2025-01-30,237.14,237.95,232.22,234.64,32020728.0,428122
39,Technology/IT,AMZN,2025-01-31,236.5,240.29,236.41,237.68,36162377.0,435388
40,Technology/IT,MSFT,2025-01-02,425.53,426.07,414.85,418.58,16896469.0,353076
41,Technology/IT,MSFT,2025-01-03,421.08,424.03,419.54,423.35,16662943.0,285046
42,Technology/IT,MSFT,2025-01-06,428.0,434.32,425.4774,427.85,20573648.0,372816
43,Technology/IT,MSFT,2025-01-07,429.0,430.65,420.8,422.37,18139065.0,299265
44,Technology/IT,MSFT,2025-01-08,423.46,426.97,421.54,424.56,15046575.0,249659
45,Technology/IT,MSFT,2025-01-10,424.63,424.71,415.02,418.95,20162632.0,360659
46,Technology/IT,MSFT,2025-01-13,415.235,418.5,412.29,417.19,17604780.0,305299
47,Technology/IT,MSFT,2025-01-14,417.81,419.74,410.72,415.67,16927056.0,291482
48,Technology/IT,MSFT,2025-01-15,419.13,428.15,418.265,426.31,19637838.0,306574
49,Technology/IT,MSFT,2025-01-16,428.695,429.49,424.39,424.58,15296423.0,247930
50,Technology/IT,MSFT,2025-01-17,434.085,434.48,428.17,429.03,26197507.0,280168
51,Technology/IT,MSFT,2025-01-21,430.2,430.8999,425.595,428.5,26085703.0,389324
52,Technology/IT,MSFT,2025-01-22,437.56,447.27,436.0,446.2,27803811.0,463559
53,Technology/IT,MSFT,2025-01-23,442.0,446.75,441.5048,446.71,18376270.0,281368
54,Technology/IT,MSFT,2025-01-24,445.16,446.65,441.4,444.06,15549453.0,269540
55,Technology/IT,MSFT,2025-01-27,424.01,435.2,423.5,434.56,35636555.0,646790
56,Technology/IT,MSFT,2025-01-28,434.6,448.38,431.38,447.2,23487653.0,419472
57,Technology/IT,MSFT,2025-01-29,446.69,446.88,440.4,442.33,23581370.0,466063
58,Technology/IT,MSFT,2025-01-30,418.77,422.86,413.16,414.99,54585060.0,1142722
59,Technology/IT,MSFT,2025-01-31,418.98,420.69,414.91,415.06,34223388.0,567270
60,Technology/IT,AAPL,2025-01-02,248.93,249.1,241.8201,243.85,55090731.0,685447
61,Technology/IT,AAPL,2025-01-03,243.36,244.18,241.89,243.36,40244114.0,493786
62,Technology/IT,AAPL,2025-01-06,244.31,247.33,243.2,245.0,45045571.0,493920
63,Technology/IT,AAPL,2025-01-07,242.98,245.55,241.35,242.21,40855960.0,462887
64,Technology/IT,AAPL,2025-01-08,241.92,243.7123,240.05,242.7,37613940.0,406915
65,Technology/IT,AAPL,2025-01-10,240.01,240.16,233.0,236.85,61705156.0,685975
66,Technology/IT,AAPL,2025-01-13,233.53,234.67,229.72,234.4,49630725.0,561231
67,Technology/IT,AAPL,2025-01-14,234.75,236.12,232.472,233.28,39433494.0,436332
68,Technology/IT,AAPL,2025-01-15,234.635,238.96,234.43,237.87,39822169.0,418803
69,Technology/IT,AAPL,2025-01-16,237.35,238.01,228.03,228.26,71752652.0,786111
70,Technology/IT,AAPL,2025-01-17,232.115,232.29,228.48,229.98,67849101.0,579300
71,Technology/IT,AAPL,2025-01-21,224.0,224.42,219.38,222.64,98070429.0,1220197
72,Technology/IT,AAPL,2025-01-22,219.79,224.12,219.79,223.83,64126500.0,683037
73,Technology/IT,AAPL,2025-01-23,224.74,227.03,222.3,223.66,60234760.0,619806
74,Technology/IT,AAPL,2025-01-24,224.78,225.63,221.41,222.78,54697907.0,579473
75,Technology/IT,AAPL,2025-01-27,224.02,232.15,223.98,229.86,94863418.0,1008209
76,Technology/IT,AAPL,2025-01-28,230.85,240.19,230.81,238.26,75682044.0,788816
77,Technology/IT,AAPL,2025-01-29,234.12,239.855,234.01,239.36,45475767.0,515212
78,Technology/IT,AAPL,2025-01-30,238.665,240.79,237.21,237.59,55658279.0,636380
79,Technology/IT,AAPL,2025-01-31,247.19,247.19,233.44,236.0,101071628.0,936709
80,Technology/IT,META,2025-01-02,589.72,604.91,587.82,599.24,12682269.0,248322
81,Technology/IT,META,2025-01-03,604.76,609.5,596.4136,604.63,11436784.0,220346
82,Technology/IT,META,2025-01-06,611.825,630.99,605.62,630.2,14560754.0,301412
83,Technology/IT,META,2025-01-07,631.7,632.1011,608.23,617.89,12071479.0,283114
84,Technology/IT,META,2025-01-08,613.395,616.4397,602.79,610.72,10085846.0,226180
85,Technology/IT,META,2025-01-10,610.03,629.91,597.34,615.86,19256564.0,394275
86,Technology/IT,META,2025-01-13,607.1,608.97,598.445,608.33,10785031.0,251995
87,Technology/IT,META,2025-01-14,605.065,605.49,588.55,594.25,13587342.0,318107
88,Technology/IT,META,2025-01-15,610.21,622.46,606.5,617.12,15515302.0,295459
89,Technology/IT,META,2025-01-16,611.5,616.25,609.71,611.3,8355349.0,193828
90,Technology/IT,META,2025-01-17,624.05,624.97,603.67,612.77,16979600.0,283466
91,Technology/IT,META,2025-01-21,617.825,621.5,609.0082,616.46,11674016.0,271033
92,Technology/IT,META,2025-01-22,623.3,633.7,619.435,623.5,12274011.0,264124
93,Technology/IT,META,2025-01-23,627.36,636.6,621.15,636.45,9910163.0,225153
94,Technology/IT,META,2025-01-24,636.4,652.0,634.2,647.49,19065329.0,423876
95,Technology/IT,META,2025-01-27,626.61,663.87,625.1,659.88,28399190.0,620713
96,Technology/IT,META,2025-01-28,666.0,682.58,659.465,674.33,20917557.0,470035
97,Technology/IT,META,2025-01-29,675.0,681.0459,665.67,676.49,21377820.0,503477
98,Technology/IT,META,2025-01-30,696.82,710.79,676.1,687.0,29322898.0,580180
99,Technology/IT,META,2025-01-31,691.0,705.2999,685.58,689.18,19331660.0,390412
100,Consumer Goods/Retail,HD,2025-01-02,392.13,392.67,386.38,388.46,2418343.0,58574
101,Consumer Goods/Retail,HD,2025-01-03,389.82,391.01,385.81,389.18,2232389.0,49469
102,Consumer Goods/Retail,HD,2025-01-06,390.5,393.99,388.03,389.37,3274669.0,64816
103,Consumer Goods/Retail,HD,2025-01-07,390.9,391.9,383.1,384.23,2274312.0,59502
104,Consumer Goods/Retail,HD,2025-01-08,383.0,387.69,380.1,387.2,2848462.0,60599
105,Consumer Goods/Retail,HD,2025-01-10,388.91,392.91,384.615,389.89,5323431.0,115687
106,Consumer Goods/Retail,HD,2025-01-13,389.99,395.86,387.7,389.18,3512936.0,85968
107,Consumer Goods/Retail,HD,2025-01-14,390.59,394.2,389.63,392.78,3405174.0,67505
108,Consumer Goods/Retail,HD,2025-01-15,406.65,408.0,401.76,406.09,4584769.0,89658
109,Consumer Goods/Retail,HD,2025-01-16,406.27,410.105,403.916,409.33,2305938.0,58092
110,Consumer Goods/Retail,HD,2025-01-17,413.49,414.45,408.53,409.38,3228960.0,63199
111,Consumer Goods/Retail,HD,2025-01-21,413.0,420.22,413.0,418.43,3568089.0,76097
112,Consumer Goods/Retail,HD,2025-01-22,417.55,417.55,409.33,410.1,3581351.0,75492
113,Consumer Goods/Retail,HD,2025-01-23,411.57,414.69,408.75,414.39,3840275.0,74946
114,Consumer Goods/Retail,HD,2025-01-24,414.09,415.01,410.755,414.5,2370116.0,54753
115,Consumer Goods/Retail,HD,2025-01-27,414.9,426.1859,414.0,424.87,3699202.0,84334
116,Consumer Goods/Retail,HD,2025-01-28,423.24,423.24,416.7,418.83,2818648.0,65320
117,Consumer Goods/Retail,HD,2025-01-29,420.22,421.37,411.79,413.42,2385201.0,62365
118,Consumer Goods/Retail,HD,2025-01-30,416.41,417.3236,411.5192,414.5,3081304.0,65460
119,Consumer Goods/Retail,HD,2025-01-31,413.17,416.38,410.32,411.98,2761798.0,62254
120,Consumer Goods/Retail,KO,2025-01-02,62.35,62.75,61.62,61.84,12990975.0,112814
121,Consumer Goods/Retail,KO,2025-01-03,61.9,62.075,61.62,61.75,10403204.0,97672
122,Consumer Goods/Retail,KO,2025-01-06,61.5,61.565,60.66,60.81,17924237.0,181518
123,Consumer Goods/Retail,KO,2025-01-07,61.11,61.7175,60.615,60.84,17799629.0,153326
124,Consumer Goods/Retail,KO,2025-01-08,60.99,61.77,60.93,61.71,13922797.0,126247
125,Consumer Goods/Retail,KO,2025-01-10,61.58,61.65,60.73,61.07,22424951.0,167716
126,Consumer Goods/Retail,KO,2025-01-13,61.13,61.845,60.71,61.65,18016173.0,139354
127,Consumer Goods/Retail,KO,2025-01-14,61.655,62.065,61.3,62.04,16637287.0,123209
128,Consumer Goods/Retail,KO,2025-01-15,62.33,62.62,61.68,61.77,16187203.0,125735
129,Consumer Goods/Retail,KO,2025-01-16,61.42,62.3,61.32,62.25,12585528.0,107933
130,Consumer Goods/Retail,KO,2025-01-17,62.31,62.765,62.17,62.71,17948868.0,119939
131,Consumer Goods/Retail,KO,2025-01-21,62.9,63.23,62.3,62.42,19817068.0,155808
132,Consumer Goods/Retail,KO,2025-01-22,62.12,62.285,61.66,61.78,18191886.0,137267
133,Consumer Goods/Retail,KO,2025-01-23,61.8,61.98,61.37,61.53,16528423.0,131818
134,Consumer Goods/Retail,KO,2025-01-24,61.72,62.01,61.435,61.92,19244604.0,152687
135,Consumer Goods/Retail,KO,2025-01-27,62.87,64.18,62.473,63.87,20742915.0,199570
136,Consumer Goods/Retail,KO,2025-01-28,63.51,64.04,62.28,62.36,14956031.0,154564
137,Consumer Goods/Retail,KO,2025-01-29,62.56,63.36,62.55,62.83,11325635.0,115416
138,Consumer Goods/Retail,KO,2025-01-30,63.85,64.285,63.23,64.05,13200977.0,121389
139,Consumer Goods/Retail,KO,2025-01-31,63.7,63.93,63.39,63.48,12102060.0,114051
140,Financial Services,MA,2025-01-02,529.19,530.56,517.66,522.4,2818795.0,62161
141,Financial Services,MA,2025-01-03,522.53,524.46,517.68,521.36,1627726.0,47945
142,Financial Services,MA,2025-01-06,520.97,521.36,511.01,511.93,2920787.0,68204
143,Financial Services,MA,2025-01-07,513.68,516.33,511.075,511.4,2211877.0,54161
144,Financial Services,MA,2025-01-08,512.04,517.45,511.5325,516.4,2456715.0,48150
145,Financial Services,MA,2025-01-10,512.12,513.76,503.36,504.67,2815624.0,70821
146,Financial Services,MA,2025-01-13,501.0,506.15,499.92,504.91,2885549.0,54051
147,Financial Services,MA,2025-01-14,507.07,509.39,504.21,509.02,2704795.0,49528
148,Financial Services,MA,2025-01-15,515.57,523.77,513.73,522.35,3025066.0,65578
149,Financial Services,MA,2025-01-16,523.62,527.12,520.72,523.14,3275700.0,54341
150,Financial Services,MA,2025-01-17,524.58,528.13,521.01,524.7,2374798.0,50769
151,Financial Services,MA,2025-01-21,527.66,529.98,526.91,528.06,2706947.0,57589
152,Financial Services,MA,2025-01-22,528.0,530.3,525.67,527.18,2037643.0,44568
153,Financial Services,MA,2025-01-23,529.05,534.35,528.68,534.22,2192257.0,54294
154,Financial Services,MA,2025-01-24,532.99,536.06,532.15,533.49,2473012.0,54388
155,Financial Services,MA,2025-01-27,533.58,547.99,531.655,547.64,3074807.0,71837
156,Financial Services,MA,2025-01-28,546.54,551.5519,542.66,547.36,2727798.0,62898
157,Financial Services,MA,2025-01-29,547.0,550.61,546.5,548.8,2549001.0,61921
158,Financial Services,MA,2025-01-30,555.0,576.94,554.53,566.01,6005206.0,130019
159,Financial Services,MA,2025-01-31,563.82,565.54,554.64,555.43,4505520.0,88973
160,Consumer Goods/Retail,PEP,2025-01-02,152.88,153.66,149.89,150.21,4970233.0,77045
161,Consumer Goods/Retail,PEP,2025-01-03,150.96,150.96,149.56,149.65,5221639.0,81184
162,Consumer Goods/Retail,PEP,2025-01-06,149.6,149.95,146.1,146.27,9470626.0,137337
163,Consumer Goods/Retail,PEP,2025-01-07,146.46,147.97,145.34,145.4,7473300.0,100598
164,Consumer Goods/Retail,PEP,2025-01-08,145.4,146.67,144.56,146.54,6791848.0,81321
165,Consumer Goods/Retail,PEP,2025-01-10,145.0,145.575,141.51,142.64,9632651.0,144429
166,Consumer Goods/Retail,PEP,2025-01-13,142.79,145.14,142.14,144.5,8101358.0,105741
167,Consumer Goods/Retail,PEP,2025-01-14,144.19,145.14,143.56,144.95,6996448.0,85744
168,Consumer Goods/Retail,PEP,2025-01-15,145.49,146.2,144.17,144.78,7141555.0,89171
169,Consumer Goods/Retail,PEP,2025-01-16,144.05,146.79,143.69,146.54,5068040.0,77237
170,Consumer Goods/Retail,PEP,2025-01-17,147.72,148.62,147.17,148.25,7338870.0,86590
171,Consumer Goods/Retail,PEP,2025-01-21,148.33,149.78,147.77,148.55,7456182.0,89818
172,Consumer Goods/Retail,PEP,2025-01-22,148.23,149.45,147.79,148.09,5905060.0,72558
173,Consumer Goods/Retail,PEP,2025-01-23,148.49,148.9399,146.61,148.62,4759125.0,72782
174,Consumer Goods/Retail,PEP,2025-01-24,148.82,149.31,148.13,149.12,4509550.0,62454
175,Consumer Goods/Retail,PEP,2025-01-27,150.92,155.47,150.895,154.61,9769585.0,127630
176,Consumer Goods/Retail,PEP,2025-01-28,154.145,154.61,150.12,150.25,6349670.0,99093
177,Consumer Goods/Retail,PEP,2025-01-29,151.13,152.0,150.23,150.37,4874072.0,75718
178,Consumer Goods/Retail,PEP,2025-01-30,151.28,153.08,150.63,151.9,4671278.0,71679
179,Consumer Goods/Retail,PEP,2025-01-31,150.76,151.69,150.27,150.69,4906744.0,76581
180,Healthcare,JNJ,2025-01-02,145.23,145.77,143.78,144.02,6051330.0,86156
181,Healthcare,JNJ,2025-01-03,144.07,144.575,143.62,144.19,5879816.0,72333
182,Healthcare,JNJ,2025-01-06,143.51,144.815,142.93,143.66,7910493.0,99710
183,Healthcare,JNJ,2025-01-07,143.755,147.18,143.59,146.23,8422010.0,103642
184,Healthcare,JNJ,2025-01-08,145.49,145.59,141.44,142.27,11175552.0,153652
185,Healthcare,JNJ,2025-01-10,141.0,143.67,140.68,142.06,8821541.0,112298
186,Healthcare,JNJ,2025-01-13,142.98,145.07,142.31,144.47,10376377.0,121699
187,Healthcare,JNJ,2025-01-14,144.5,144.81,142.86,144.75,8681741.0,106075
188,Healthcare,JNJ,2025-01-15,145.31,146.05,144.26,144.97,7434562.0,93294
189,Healthcare,JNJ,2025-01-16,144.32,148.07,144.06,147.77,8964016.0,123587
190,Healthcare,JNJ,2025-01-17,147.44,148.38,146.61,147.03,10773054.0,98631
191,Healthcare,JNJ,2025-01-21,147.56,148.86,147.05,148.15,11111747.0,130474
192,Healthcare,JNJ,2025-01-22,144.0,145.47,142.11,145.27,16834747.0,212859
193,Healthcare,JNJ,2025-01-23,145.44,147.91,144.8144,146.64,10506361.0,124462
194,Healthcare,JNJ,2025-01-24,146.805,147.631,146.383,146.82,9887682.0,113561
195,Healthcare,JNJ,2025-01-27,148.45,153.45,148.0,152.89,15152314.0,184980
196,Healthcare,JNJ,2025-01-28,152.66,152.97,150.3,150.38,10320613.0,133564
197,Healthcare,JNJ,2025-01-29,150.5,151.88,150.0,151.15,7156421.0,97294
198,Healthcare,JNJ,2025-01-30,151.91,154.14,151.36,152.87,8910983.0,116638
199,Healthcare,JNJ,2025-01-31,152.62,153.18,152.055,152.15,8458715.0,95710
200,Automotive/Transportation,GM,2025-01-02,53.32,53.47,51.024,51.37,10170423.0,107725
201,Automotive/Transportation,GM,2025-01-03,51.5,51.955,50.455,51.77,8949929.0,89234
202,Automotive/Transportation,GM,2025-01-06,52.76,54.395,52.25,53.53,9728239.0,87243
203,Automotive/Transportation,GM,2025-01-07,53.7,53.7,51.92,51.98,9093274.0,74542
204,Automotive/Transportation,GM,2025-01-08,51.75,51.75,50.305,51.0,7243663.0,89224
205,Automotive/Transportation,GM,2025-01-10,50.78,50.84,49.76,49.85,7847704.0,78036
206,Automotive/Transportation,GM,2025-01-13,49.035,50.1,49.02,49.93,7950908.0,82857
207,Automotive/Transportation,GM,2025-01-14,50.43,51.415,50.2,50.94,7170066.0,70702
208,Automotive/Transportation,GM,2025-01-15,52.2,52.945,51.62,51.7,7518934.0,81503
209,Automotive/Transportation,GM,2025-01-16,51.66,52.02,51.16,51.84,6415449.0,77557
210,Automotive/Transportation,GM,2025-01-17,51.93,52.1892,50.73,50.97,9619992.0,75650
211,Automotive/Transportation,GM,2025-01-21,51.785,54.06,51.29,53.89,12962111.0,123430
212,Automotive/Transportation,GM,2025-01-22,53.33,53.45,52.43,52.76,7778056.0,78117
213,Automotive/Transportation,GM,2025-01-23,53.04,54.35,52.738,54.22,7452914.0,78840
214,Automotive/Transportation,GM,2025-01-24,54.19,54.6,53.705,53.91,6619598.0,73950
215,Automotive/Transportation,GM,2025-01-27,54.26,55.06,54.075,54.92,12075424.0,126804
216,Automotive/Transportation,GM,2025-01-28,50.98,50.98,48.72,50.04,33776651.0,255523
217,Automotive/Transportation,GM,2025-01-29,50.28,50.61,49.12,49.78,15122973.0,131192
218,Automotive/Transportation,GM,2025-01-30,50.45,50.985,47.76,49.5,16443173.0,152950
219,Automotive/Transportation,GM,2025-01-31,49.67,51.73,49.18,49.46,20578687.0,176602
220,Healthcare,ABBV,2025-01-02,178.66,179.78,177.9006,179.44,4094307.0,54317
221,Healthcare,ABBV,2025-01-03,179.66,181.57,178.8,181.22,4380336.0,54422
222,Healthcare,ABBV,2025-01-06,180.78,181.98,179.26,180.1,6302081.0,62489
223,Healthcare,ABBV,2025-01-07,179.63,182.1725,178.389,179.53,5905223.0,58259
224,Healthcare,ABBV,2025-01-08,179.2,179.24,176.18,178.5,4488519.0,54119
225,Healthcare,ABBV,2025-01-10,176.86,177.54,173.33,175.17,5372441.0,75333
226,Healthcare,ABBV,2025-01-13,175.16,177.98,174.34,176.74,4731094.0,65217
227,Healthcare,ABBV,2025-01-14,176.61,176.78,174.09,175.55,4779147.0,68784
228,Healthcare,ABBV,2025-01-15,173.515,174.46,168.72,171.35,8048736.0,107257
229,Healthcare,ABBV,2025-01-16,171.45,173.9567,170.52,173.7,5235975.0,66869
230,Healthcare,ABBV,2025-01-17,172.88,173.99,171.27,171.56,7852525.0,69489
231,Healthcare,ABBV,2025-01-21,172.16,175.66,171.22,172.61,7548666.0,92937
232,Healthcare,ABBV,2025-01-22,170.3,170.8684,168.06,169.2,9464994.0,90414
233,Healthcare,ABBV,2025-01-23,170.46,170.69,168.48,170.67,7116187.0,78576
234,Healthcare,ABBV,2025-01-24,169.32,171.11,169.25,170.3,5584924.0,69985
235,Healthcare,ABBV,2025-01-27,172.66,177.45,172.59,176.9,6985212.0,91910
236,Healthcare,ABBV,2025-01-28,176.8,177.16,173.73,174.81,5604051.0,68530
237,Healthcare,ABBV,2025-01-29,174.5,176.92,174.3,175.26,3748422.0,58654
238,Healthcare,ABBV,2025-01-30,176.01,176.12,173.98,175.65,5209206.0,70752
239,Healthcare,ABBV,2025-01-31,187.3,191.77,183.67,183.9,11928323.0,150307
240,Healthcare,PFE,2025-01-02,26.75,26.86,26.56,26.61,32899229.0,112598
241,Healthcare,PFE,2025-01-03,26.7,26.84,26.5201,26.59,33416986.0,104025
242,Healthcare,PFE,2025-01-06,26.71,27.25,26.56,26.89,43950971.0,153279
243,Healthcare,PFE,2025-01-07,27.01,27.57,26.94,27.13,34737457.0,144006
244,Healthcare,PFE,2025-01-08,27.05,27.14,26.23,26.86,35430724.0,140016
245,Healthcare,PFE,2025-01-10,26.87,27.05,26.69,26.72,32836862.0,131650
246,Healthcare,PFE,2025-01-13,26.65,26.81,26.36,26.8,28359600.0,121715
247,Healthcare,PFE,2025-01-14,26.81,26.87,26.27,26.41,25856913.0,107054
248,Healthcare,PFE,2025-01-15,26.515,26.65,26.21,26.22,35949694.0,125763
249,Healthcare,PFE,2025-01-16,26.07,26.57,25.96,26.49,29981137.0,120987
250,Healthcare,PFE,2025-01-17,26.395,26.56,26.22,26.3,35380330.0,113253
251,Healthcare,PFE,2025-01-21,26.45,26.64,26.39,26.64,39745587.0,124431
252,Healthcare,PFE,2025-01-22,26.51,26.6,25.97,26.01,41890415.0,168100
253,Healthcare,PFE,2025-01-23,26.01,26.4782,25.85,26.44,40987046.0,131855
254,Healthcare,PFE,2025-01-24,26.02,26.2,25.96,26.09,31300184.0,119033
255,Healthcare,PFE,2025-01-27,26.24,26.97,26.18,26.86,50648558.0,185281
256,Healthcare,PFE,2025-01-28,26.78,26.86,26.49,26.75,40589558.0,122830
257,Healthcare,PFE,2025-01-29,26.8,27.07,26.57,26.62,34418182.0,116133
258,Healthcare,PFE,2025-01-30,26.66,27.01,26.58,26.91,32263570.0,114952
259,Healthcare,PFE,2025-01-31,26.96,27.01,26.42,26.52,35938151.0,144645
260,Consumer Goods/Retail,COST,2025-01-02,915.0,925.77,902.0,909.81,1767658.0,96637
261,Consumer Goods/Retail,COST,2025-01-03,914.33,924.21,911.0001,916.58,1614211.0,75802
262,Consumer Goods/Retail,COST,2025-01-06,917.98,927.4099,913.27,922.71,1970405.0,85664
263,Consumer Goods/Retail,COST,2025-01-07,923.84,931.305,916.43,921.37,1887982.0,79027
264,Consumer Goods/Retail,COST,2025-01-08,922.975,930.4999,915.415,927.37,1774763.0,76352
265,Consumer Goods/Retail,COST,2025-01-10,933.36,944.28,923.5,936.94,2765797.0,104874
266,Consumer Goods/Retail,COST,2025-01-13,934.0,934.99,921.0,924.7,1693763.0,79187
267,Consumer Goods/Retail,COST,2025-01-14,924.3,927.7616,909.918,917.23,1683757.0,82551
268,Consumer Goods/Retail,COST,2025-01-15,927.26,932.87,918.3001,923.5,1839386.0,67140
269,Consumer Goods/Retail,COST,2025-01-16,924.73,927.4,917.82,919.75,1352957.0,58364
270,Consumer Goods/Retail,COST,2025-01-17,930.0,943.8,924.565,943.19,2375012.0,79917
271,Consumer Goods/Retail,COST,2025-01-21,945.25,956.55,943.5,947.73,2042443.0,84717
272,Consumer Goods/Retail,COST,2025-01-22,951.225,951.94,939.24,944.7,2154991.0,68346
273,Consumer Goods/Retail,COST,2025-01-23,941.69,943.39,936.485,942.16,1352440.0,56144
274,Consumer Goods/Retail,COST,2025-01-24,942.16,946.0404,933.555,939.68,1562422.0,60489
275,Consumer Goods/Retail,COST,2025-01-27,930.0,966.99,927.1801,965.25,3044682.0,110099
276,Consumer Goods/Retail,COST,2025-01-28,961.83,965.71,954.0657,958.67,2166375.0,74913
277,Consumer Goods/Retail,COST,2025-01-29,957.8,968.257,955.0,964.02,1713749.0,60387
278,Consumer Goods/Retail,COST,2025-01-30,970.3,986.75,970.0975,979.01,1788180.0,74917
279,Consumer Goods/Retail,COST,2025-01-31,976.24,991.0,975.78,979.88,1875713.0,72499
280,Automotive/Transportation,TSLA,2025-01-02,390.1,392.7299,373.04,379.28,109710749.0,2134259
281,Automotive/Transportation,TSLA,2025-01-03,381.48,411.8799,379.45,410.44,95420249.0,1446052
282,Automotive/Transportation,TSLA,2025-01-06,423.2,426.43,401.7,411.05,85489034.0,1538767
283,Automotive/Transportation,TSLA,2025-01-07,405.83,414.33,390.0,394.36,75699525.0,1307364
284,Automotive/Transportation,TSLA,2025-01-08,392.95,402.4999,387.4,394.94,73037605.0,1053232
285,Automotive/Transportation,TSLA,2025-01-10,391.4,399.28,377.29,394.74,62276533.0,1013455
286,Automotive/Transportation,TSLA,2025-01-13,383.21,403.79,380.07,403.31,67573994.0,1091601
287,Automotive/Transportation,TSLA,2025-01-14,414.34,422.64,394.54,396.36,84565022.0,1329525
288,Automotive/Transportation,TSLA,2025-01-15,409.9,429.8,405.661,428.22,81367740.0,1270360
289,Automotive/Transportation,TSLA,2025-01-16,423.49,424.0,409.13,413.82,68333121.0,1115834
290,Automotive/Transportation,TSLA,2025-01-17,421.5,439.74,419.75,426.5,94475829.0,1408185
291,Automotive/Transportation,TSLA,2025-01-21,432.64,433.2,406.31,424.07,87318494.0,1525519
292,Automotive/Transportation,TSLA,2025-01-22,416.81,428.0,414.59,415.11,60954842.0,997853
293,Automotive/Transportation,TSLA,2025-01-23,416.06,420.73,408.95,412.38,50643592.0,858453
294,Automotive/Transportation,TSLA,2025-01-24,414.45,418.88,405.78,406.58,56404149.0,880011
295,Automotive/Transportation,TSLA,2025-01-27,394.8,406.69,389.0,397.15,58125210.0,1169770
296,Automotive/Transportation,TSLA,2025-01-28,396.91,400.59,386.5,398.09,48890976.0,832534
297,Automotive/Transportation,TSLA,2025-01-29,395.21,398.5899,384.48,389.1,67991348.0,1233279
298,Automotive/Transportation,TSLA,2025-01-30,410.78,412.5,384.41,400.28,98092879.0,1520074
299,Automotive/Transportation,TSLA,2025-01-31,401.53,419.99,401.34,404.6,83568219.0,1221590
300,Financial Services,BAC,2025-01-02,44.14,44.5868,43.8,44.29,25610575.0,129249
301,Financial Services,BAC,2025-01-03,44.75,44.85,44.15,44.81,23455711.0,122903
302,Financial Services,BAC,2025-01-06,45.155,46.15,45.0999,45.4,30518458.0,165613
303,Financial Services,BAC,2025-01-07,46.28,46.65,45.65,46.08,41111204.0,210109
304,Financial Services,BAC,2025-01-08,45.9,46.26,45.69,46.21,40246008.0,171459
305,Financial Services,BAC,2025-01-10,46.0,46.05,44.735,45.11,40741349.0,181779
306,Financial Services,BAC,2025-01-13,45.1,45.34,44.69,45.06,34353617.0,155942
307,Financial Services,BAC,2025-01-14,45.6,45.92,45.23,45.78,36379011.0,181374
308,Financial Services,BAC,2025-01-15,47.12,47.46,46.84,47.1,57143804.0,245579
309,Financial Services,BAC,2025-01-16,47.0,47.51,45.82,46.64,56339293.0,264885
310,Financial Services,BAC,2025-01-17,46.61,46.88,46.08,46.53,44455694.0,198658
311,Financial Services,BAC,2025-01-21,46.62,47.15,46.54,46.66,52089087.0,193728
312,Financial Services,BAC,2025-01-22,46.6,46.73,45.76,45.79,40296223.0,183885
313,Financial Services,BAC,2025-01-23,46.05,46.89,46.045,46.39,35324065.0,164139
314,Financial Services,BAC,2025-01-24,46.23,46.86,46.15,46.52,24655102.0,124155
315,Financial Services,BAC,2025-01-27,46.55,47.14,46.38,47.09,44260048.0,165291
316,Financial Services,BAC,2025-01-28,47.08,47.4358,46.71,46.84,27156644.0,137157
317,Financial Services,BAC,2025-01-29,46.75,47.39,46.64,46.75,23681527.0,132390
318,Financial Services,BAC,2025-01-30,47.11,47.165,46.4,46.72,31199866.0,133253
319,Financial Services,BAC,2025-01-31,46.7,46.83,46.16,46.3,30392921.0,133848
320,Healthcare,MRNA,2025-01-02,42.2,43.3,41.41,42.0,5313474.0,61416
321,Healthcare,MRNA,2025-01-03,42.25,42.62,41.08,42.18,5555554.0,62259
322,Healthcare,MRNA,2025-01-06,44.0,44.52,41.63,42.57,8577629.0,97238
323,Healthcare,MRNA,2025-01-07,43.9,48.92,42.86,47.53,22592323.0,198470
324,Healthcare,MRNA,2025-01-08,47.6,47.7,43.01,43.17,13347550.0,146255
325,Healthcare,MRNA,2025-01-10,42.765,43.6999,41.785,42.25,6411851.0,73699
326,Healthcare,MRNA,2025-01-13,33.3,35.38,31.94,35.15,33487974.0,306943
327,Healthcare,MRNA,2025-01-14,35.15,35.68,33.1801,34.46,14407897.0,134793
328,Healthcare,MRNA,2025-01-15,35.18,35.54,34.46,34.77,7459657.0,74651
329,Healthcare,MRNA,2025-01-16,34.75,34.95,33.34,33.76,7340888.0,78196
330,Healthcare,MRNA,2025-01-17,33.84,34.79,33.6,34.06,8130483.0,74116
331,Healthcare,MRNA,2025-01-21,35.76,37.9,35.3,35.89,12834893.0,121066
332,Healthcare,MRNA,2025-01-22,36.35,41.09,36.0,38.5,16694546.0,147727
333,Healthcare,MRNA,2025-01-23,38.4,42.54,36.99,42.39,13684242.0,129731
334,Healthcare,MRNA,2025-01-24,43.18,45.4,40.785,41.41,17245601.0,138535
335,Healthcare,MRNA,2025-01-27,40.87,44.08,40.71,41.65,12162856.0,97932
336,Healthcare,MRNA,2025-01-28,41.99,45.15,40.75,44.94,13285793.0,108088
337,Healthcare,MRNA,2025-01-29,43.28,44.74,40.675,40.72,14598077.0,129542
338,Healthcare,MRNA,2025-01-30,41.4,42.54,39.88,41.04,12259591.0,107123
339,Healthcare,MRNA,2025-01-31,41.185,41.46,39.31,39.42,6538798.0,67234
340,Financial Services,V,2025-01-02,317.78,319.68,312.41,314.4,5373059.0,96316
341,Financial Services,V,2025-01-03,314.18,315.92,312.01,314.91,4271845.0,82664
342,Financial Services,V,2025-01-06,315.01,315.39,312.07,313.04,6567336.0,117474
343,Financial Services,V,2025-01-07,312.89,315.19,311.32,311.67,4958641.0,93223
344,Financial Services,V,2025-01-08,311.0,314.04,310.2146,312.6,5161601.0,86606
345,Financial Services,V,2025-01-10,311.2,311.85,305.99,307.71,6660255.0,112075
346,Financial Services,V,2025-01-13,305.0,306.92,303.84,306.92,9568727.0,91234
347,Financial Services,V,2025-01-14,308.75,310.16,307.52,309.09,5107901.0,78140
348,Financial Services,V,2025-01-15,313.68,317.1876,313.13,316.28,5222278.0,87791
349,Financial Services,V,2025-01-16,315.75,319.18,315.75,317.25,4606670.0,80198
350,Financial Services,V,2025-01-17,317.5,320.59,316.71,319.62,5805810.0,81496
351,Financial Services,V,2025-01-21,320.31,324.58,320.0,323.63,5653341.0,98761
352,Financial Services,V,2025-01-22,324.77,325.74,322.38,323.56,5026478.0,88264
353,Financial Services,V,2025-01-23,323.76,328.51,323.57,328.21,5297085.0,91014
354,Financial Services,V,2025-01-24,328.02,331.085,327.805,330.2,4327755.0,82443
355,Financial Services,V,2025-01-27,330.0,335.49,328.05,334.54,6636541.0,122019
356,Financial Services,V,2025-01-28,334.67,337.83,332.89,334.48,5999623.0,102748
357,Financial Services,V,2025-01-29,334.5,337.11,334.5,335.88,5087286.0,95706
358,Financial Services,V,2025-01-30,339.51,344.44,339.0,343.05,8081262.0,151543
359,Financial Services,V,2025-01-31,346.47,351.2499,341.71,341.8,8628071.0,156353
360,Healthcare,MRK,2025-01-02,100.28,100.35,98.83,99.17,6153261.0,66020
361,Healthcare,MRK,2025-01-03,99.34,99.75,98.69,99.14,6072551.0,63966
362,Healthcare,MRK,2025-01-06,98.77,100.33,98.42,99.72,10111144.0,89515
363,Healthcare,MRK,2025-01-07,100.13,102.97,100.05,101.02,10890890.0,97252
364,Healthcare,MRK,2025-01-08,100.7,100.77,98.05,99.85,8654722.0,96634
365,Healthcare,MRK,2025-01-10,99.21,100.405,98.81,99.25,11317970.0,94237
366,Healthcare,MRK,2025-01-13,99.46,101.159,98.99,100.98,8168081.0,84410
367,Healthcare,MRK,2025-01-14,101.26,101.49,99.01,99.65,10925100.0,103856
368,Healthcare,MRK,2025-01-15,100.095,100.82,99.61,100.09,9170335.0,90281
369,Healthcare,MRK,2025-01-16,100.44,100.895,99.95,100.7,7749642.0,82093
370,Healthcare,MRK,2025-01-17,100.47,100.47,97.92,97.92,15961960.0,125370
371,Healthcare,MRK,2025-01-21,98.08,98.27,95.76,96.24,17756056.0,163130
372,Healthcare,MRK,2025-01-22,95.955,97.0,95.15,95.68,13070881.0,124177
373,Healthcare,MRK,2025-01-23,96.11,97.155,95.22,96.63,11522811.0,101285
374,Healthcare,MRK,2025-01-24,96.79,97.1,95.405,95.55,12244790.0,123370
375,Healthcare,MRK,2025-01-27,96.63,98.62,95.98,97.94,15093381.0,158437
376,Healthcare,MRK,2025-01-28,97.35,98.88,96.59,97.45,12840948.0,131213
377,Healthcare,MRK,2025-01-29,97.42,99.15,97.39,98.28,10225477.0,101482
378,Healthcare,MRK,2025-01-30,99.41,99.41,98.23,98.95,10164720.0,103283
379,Healthcare,MRK,2025-01-31,99.1,100.0599,98.58,98.82,11421621.0,103155
380,Automotive/Transportation,TM,2025-01-02,194.4,194.8,192.0,193.12,615743.0,18004
381,Automotive/Transportation,TM,2025-01-03,194.19,195.5,193.23,195.25,611381.0,17710
382,Automotive/Transportation,TM,2025-01-06,193.0,193.27,189.84,190.39,664416.0,18769
383,Automotive/Transportation,TM,2025-01-07,194.59,194.9688,192.42,193.12,585541.0,14915
384,Automotive/Transportation,TM,2025-01-08,192.96,193.02,191.52,192.55,436715.0,12524
385,Automotive/Transportation,TM,2025-01-10,185.69,186.35,183.43,183.47,473091.0,16440
386,Automotive/Transportation,TM,2025-01-13,182.24,183.5,181.4803,183.25,310719.0,12002
387,Automotive/Transportation,TM,2025-01-14,185.56,185.94,184.58,185.41,326349.0,11633
388,Automotive/Transportation,TM,2025-01-15,186.28,186.635,183.9862,184.84,416639.0,12285
389,Automotive/Transportation,TM,2025-01-16,181.52,182.35,181.25,181.48,422396.0,14805
390,Automotive/Transportation,TM,2025-01-17,180.26,181.39,179.7173,180.78,432102.0,12569
391,Automotive/Transportation,TM,2025-01-21,184.46,186.93,184.46,186.93,330436.0,12421
392,Automotive/Transportation,TM,2025-01-22,187.0,187.5,186.395,186.52,247825.0,10229
393,Automotive/Transportation,TM,2025-01-23,186.01,186.7,185.05,186.27,237653.0,9556
394,Automotive/Transportation,TM,2025-01-24,185.98,187.46,185.4,186.61,278913.0,9396
395,Automotive/Transportation,TM,2025-01-27,186.8,187.06,185.815,186.5,308124.0,10268
396,Automotive/Transportation,TM,2025-01-28,186.15,186.4,184.15,185.29,382635.0,12892
397,Automotive/Transportation,TM,2025-01-29,187.62,188.04,186.48,186.98,258228.0,9846
398,Automotive/Transportation,TM,2025-01-30,190.94,191.72,189.765,190.97,410142.0,13148
399,Automotive/Transportation,TM,2025-01-31,191.5,191.84,188.29,188.93,420262.0,12059
400,Financial Services,C,2025-01-02,70.94,71.16,69.65,69.94,9769464.0,95734
401,Financial Services,C,2025-01-03,70.88,71.09,69.85,71.0,11343450.0,108517
402,Financial Services,C,2025-01-06,72.23,73.985,71.88,72.74,19199650.0,174551
403,Financial Services,C,2025-01-07,73.9,74.29,72.74,73.68,18309418.0,153859
404,Financial Services,C,2025-01-08,73.45,73.47,72.69,73.26,13742834.0,104978
405,Financial Services,C,2025-01-10,72.46,72.46,71.0213,71.4,13217665.0,128647
406,Financial Services,C,2025-01-13,70.98,73.0,70.98,72.77,16720571.0,144484
407,Financial Services,C,2025-01-14,73.315,73.99,73.14,73.5,19565456.0,175423
408,Financial Services,C,2025-01-15,76.2,79.25,75.86,78.27,44880629.0,364843
409,Financial Services,C,2025-01-16,77.83,78.76,77.76,78.51,21463146.0,182552
410,Financial Services,C,2025-01-17,78.55,80.45,78.16,79.99,22084847.0,176190
411,Financial Services,C,2025-01-21,80.425,81.845,79.9204,81.67,21297409.0,164654
412,Financial Services,C,2025-01-22,81.47,82.275,81.23,81.69,14725746.0,123617
413,Financial Services,C,2025-01-23,82.0,82.77,81.8001,81.98,14435224.0,111963
414,Financial Services,C,2025-01-24,81.49,82.12,81.34,81.48,16025174.0,100210
415,Financial Services,C,2025-01-27,80.75,81.41,80.215,81.07,12782803.0,112511
416,Financial Services,C,2025-01-28,81.22,81.4,79.479,79.94,16521716.0,130450
417,Financial Services,C,2025-01-29,79.88,81.6,79.88,80.63,10572967.0,105172
418,Financial Services,C,2025-01-30,81.29,82.62,80.99,81.86,10775489.0,117363
419,Financial Services,C,2025-01-31,81.69,82.34,81.07,81.43,12821407.0,119282
420,Automotive/Transportation,F,2025-01-02,9.91,9.955,9.635,9.65,67156220.0,150766
421,Automotive/Transportation,F,2025-01-03,9.69,9.95,9.53,9.88,77245879.0,137766
422,Automotive/Transportation,F,2025-01-06,10.0601,10.19,9.9,9.92,63840827.0,139874
423,Automotive/Transportation,F,2025-01-07,9.95,10.01,9.72,9.76,62404019.0,124037
424,Automotive/Transportation,F,2025-01-08,9.74,9.75,9.58,9.74,61678835.0,134382
425,Automotive/Transportation,F,2025-01-10,9.67,9.84,9.59,9.65,73208449.0,135092
426,Automotive/Transportation,F,2025-01-13,9.6599,9.72,9.57,9.71,66023040.0,117914
427,Automotive/Transportation,F,2025-01-14,9.775,9.82,9.68,9.78,45419942.0,92681
428,Automotive/Transportation,F,2025-01-15,9.97,10.06,9.89,9.95,68674379.0,119706
429,Automotive/Transportation,F,2025-01-16,9.91,10.06,9.89,10.01,45770032.0,92341
430,Automotive/Transportation,F,2025-01-17,10.08,10.21,10.04,10.18,60802749.0,109961
431,Automotive/Transportation,F,2025-01-21,10.3,10.45,10.24,10.43,65670776.0,134831
432,Automotive/Transportation,F,2025-01-22,10.25,10.25,10.02,10.03,64949161.0,129834
433,Automotive/Transportation,F,2025-01-23,10.05,10.17,9.97,10.16,56241104.0,109541
434,Automotive/Transportation,F,2025-01-24,10.16,10.31,10.09,10.12,42909105.0,85931
435,Automotive/Transportation,F,2025-01-27,10.11,10.42,10.1,10.38,72934579.0,153830
436,Automotive/Transportation,F,2025-01-28,10.23,10.23,9.92,10.08,92177598.0,158591
437,Automotive/Transportation,F,2025-01-29,10.1,10.29,10.03,10.21,69986892.0,127015
438,Automotive/Transportation,F,2025-01-30,10.26,10.39,10.06,10.16,69663121.0,117848
439,Automotive/Transportation,F,2025-01-31,10.17,10.35,9.99,10.08,103676210.0,153266
440,Financial Services,JPM,2025-01-02,240.92,243.276,239.45,240.0,9220914.0,106680
441,Financial Services,JPM,2025-01-03,243.89,244.88,240.26,243.28,9481053.0,116550
442,Financial Services,JPM,2025-01-06,243.695,245.69,240.58,240.85,9917836.0,138858
443,Financial Services,JPM,2025-01-07,242.14,245.26,240.9,243.17,8753357.0,126640
444,Financial Services,JPM,2025-01-08,242.75,244.25,240.5,243.13,8648684.0,103904
445,Financial Services,JPM,2025-01-10,243.09,243.81,238.74,239.87,10256829.0,132851
446,Financial Services,JPM,2025-01-13,239.67,244.54,239.0,244.21,10005315.0,135017
447,Financial Services,JPM,2025-01-14,242.66,247.72,242.19,247.47,12395886.0,169020
448,Financial Services,JPM,2025-01-15,250.4,253.6699,243.68,252.35,18448520.0,230374
449,Financial Services,JPM,2025-01-16,254.0,257.035,252.33,254.27,15292348.0,189657
450,Financial Services,JPM,2025-01-17,254.14,260.62,252.14,259.16,17548101.0,181217
451,Financial Services,JPM,2025-01-21,260.07,264.25,259.5037,263.03,13620689.0,152397
452,Financial Services,JPM,2025-01-22,262.9,263.38,260.25,262.84,9021914.0,118304
453,Financial Services,JPM,2025-01-23,264.69,266.8599,263.81,265.95,10749681.0,121371
454,Financial Services,JPM,2025-01-24,263.69,267.1,263.01,264.84,7666261.0,107840
455,Financial Services,JPM,2025-01-27,264.17,265.97,262.26,265.85,7522258.0,121658
456,Financial Services,JPM,2025-01-28,265.85,267.33,264.8301,267.14,7375391.0,99658
457,Financial Services,JPM,2025-01-29,267.21,270.68,265.61,266.58,7684870.0,123199
458,Financial Services,JPM,2025-01-30,268.63,269.7,266.6201,268.23,8753466.0,109168
459,Financial Services,JPM,2025-01-31,269.23,270.82,266.96,267.3,7196268.0,104767
460,Financial Services,WFC,2025-01-02,70.48,71.21,69.76,70.19,8303301.0,84454
461,Financial Services,WFC,2025-01-03,70.35,71.42,69.74,71.31,9142650.0,82663
462,Financial Services,WFC,2025-01-06,71.925,73.25,71.5301,72.03,15565647.0,111568
463,Financial Services,WFC,2025-01-07,72.975,73.13,71.51,71.59,13521984.0,113119
464,Financial Services,WFC,2025-01-08,71.51,72.08,71.06,71.57,16528196.0,117554
465,Financial Services,WFC,2025-01-10,70.9,70.93,69.34,69.96,14466594.0,131674
466,Financial Services,WFC,2025-01-13,69.9,70.61,69.555,70.53,10439794.0,98887
467,Financial Services,WFC,2025-01-14,71.46,71.46,70.29,71.19,21870621.0,174363
468,Financial Services,WFC,2025-01-15,75.36,76.82,73.65,75.95,33432430.0,251533
469,Financial Services,WFC,2025-01-16,75.85,76.44,74.685,75.95,22897930.0,156259
470,Financial Services,WFC,2025-01-17,75.98,77.25,75.5,77.08,20673730.0,137845
471,Financial Services,WFC,2025-01-21,77.69,78.29,77.33,77.85,21057650.0,121761
472,Financial Services,WFC,2025-01-22,77.57,77.81,76.865,77.54,11669520.0,94449
473,Financial Services,WFC,2025-01-23,77.71,78.3,77.025,77.43,12981823.0,91955
474,Financial Services,WFC,2025-01-24,77.0,77.65,77.0,77.32,10393298.0,82716
475,Financial Services,WFC,2025-01-27,77.4,78.04,76.89,77.94,10038565.0,107363
476,Financial Services,WFC,2025-01-28,77.87,78.15,77.17,77.88,11561996.0,106173
477,Financial Services,WFC,2025-01-29,77.75,78.98,77.61,78.37,9175363.0,87235
478,Financial Services,WFC,2025-01-30,79.145,79.24,78.08,78.82,11275962.0,101412
479,Financial Services,WFC,2025-01-31,78.695,79.2857,78.31,78.8,14983820.0,113858
480,Consumer Goods/Retail,WMT,2025-01-02,89.98,90.6,89.52,90.0,14820438.0,147273
481,Consumer Goods/Retail,WMT,2025-01-03,90.15,91.3,90.14,90.78,10834630.0,119882
482,Consumer Goods/Retail,WMT,2025-01-06,90.83,92.47,90.67,91.43,14499858.0,165456
483,Consumer Goods/Retail,WMT,2025-01-07,91.7,91.94,90.45,90.81,11238044.0,136630
484,Consumer Goods/Retail,WMT,2025-01-08,91.11,91.845,90.82,91.8,13453627.0,126175
485,Consumer Goods/Retail,WMT,2025-01-10,92.49,93.575,92.2,93.0,18140864.0,185131
486,Consumer Goods/Retail,WMT,2025-01-13,92.12,92.43,91.1,91.53,18617077.0,163610
487,Consumer Goods/Retail,WMT,2025-01-14,91.86,91.98,90.565,90.79,13549159.0,137202
488,Consumer Goods/Retail,WMT,2025-01-15,91.065,91.725,90.81,91.34,17348174.0,133673
489,Consumer Goods/Retail,WMT,2025-01-16,91.5,91.72,90.12,91.3,13267723.0,140126
490,Consumer Goods/Retail,WMT,2025-01-17,92.07,92.26,91.05,91.94,15848728.0,122444
491,Consumer Goods/Retail,WMT,2025-01-21,92.48,94.24,92.31,93.08,23247451.0,183081
492,Consumer Goods/Retail,WMT,2025-01-22,93.77,94.0,92.52,93.23,15567057.0,141781
493,Consumer Goods/Retail,WMT,2025-01-23,92.96,93.81,92.32,93.81,14198438.0,132683
494,Consumer Goods/Retail,WMT,2025-01-24,93.54,95.01,93.455,94.76,14973773.0,148777
495,Consumer Goods/Retail,WMT,2025-01-27,95.9,97.46,94.82,97.4,18880614.0,205395
496,Consumer Goods/Retail,WMT,2025-01-28,97.23,97.84,96.7251,97.29,14641621.0,150169
497,Consumer Goods/Retail,WMT,2025-01-29,97.425,98.17,97.22,97.5,11261444.0,131023
498,Consumer Goods/Retail,WMT,2025-01-30,97.69,98.93,97.42,98.65,11012220.0,129663
499,Consumer Goods/Retail,WMT,2025-01-31,99.0,99.0,97.7,98.16,16413893.0,146041
500,Energy/Utilities,XOM,2025-01-02,108.275,109.0,106.88,107.31,12680947.0,133846
501,Energy/Utilities,XOM,2025-01-03,108.0,108.49,107.46,107.86,14237885.0,112657
502,Energy/Utilities,XOM,2025-01-06,108.24,109.78,107.52,107.74,15623677.0,137689
503,Energy/Utilities,XOM,2025-01-07,108.94,110.06,108.28,108.75,12625890.0,117254
504,Energy/Utilities,XOM,2025-01-08,107.31,107.71,106.01,106.93,17858110.0,160435
505,Energy/Utilities,XOM,2025-01-10,108.7,110.1,105.78,106.54,19304499.0,178906
506,Energy/Utilities,XOM,2025-01-13,107.125,109.63,107.125,109.29,17073395.0,160721
507,Energy/Utilities,XOM,2025-01-14,108.79,109.76,107.83,109.72,11191175.0,113902
508,Energy/Utilities,XOM,2025-01-15,110.05,111.73,109.47,111.51,14521095.0,119890
509,Energy/Utilities,XOM,2025-01-16,111.19,111.69,110.55,111.32,10366585.0,107114
510,Energy/Utilities,XOM,2025-01-17,111.03,112.8651,110.82,112.32,19298504.0,141882
511,Energy/Utilities,XOM,2025-01-21,112.05,112.175,111.1305,111.47,20416286.0,174155
512,Energy/Utilities,XOM,2025-01-22,111.2,111.57,109.4,109.53,15718012.0,141576
513,Energy/Utilities,XOM,2025-01-23,110.31,111.1425,109.61,110.15,13726784.0,132892
514,Energy/Utilities,XOM,2025-01-24,110.24,110.71,108.41,108.66,14235885.0,127822
515,Energy/Utilities,XOM,2025-01-27,109.01,110.4506,108.39,110.17,15926670.0,158570
516,Energy/Utilities,XOM,2025-01-28,110.41,110.87,107.79,108.04,15862029.0,134646
517,Energy/Utilities,XOM,2025-01-29,107.71,108.78,107.47,108.67,12345523.0,127777
518,Energy/Utilities,XOM,2025-01-30,109.24,109.85,108.7,109.57,14346335.0,135087
519,Energy/Utilities,XOM,2025-01-31,110.55,110.55,106.095,106.83,20381446.0,217095
520,Energy/Utilities,MPC,2025-01-02,140.5,142.405,139.55,141.49,2586798.0,39113
521,Energy/Utilities,MPC,2025-01-03,141.875,143.01,140.84,142.74,2531130.0,34310
522,Energy/Utilities,MPC,2025-01-06,142.315,144.51,139.71,140.53,3757679.0,43352
523,Energy/Utilities,MPC,2025-01-07,141.7,143.03,140.51,141.66,3064944.0,36867
524,Energy/Utilities,MPC,2025-01-08,140.0,142.76,138.94,142.33,2691945.0,37937
525,Energy/Utilities,MPC,2025-01-10,144.26,145.31,140.9103,142.27,3593076.0,47275
526,Energy/Utilities,MPC,2025-01-13,143.35,151.26,142.78,146.75,3673313.0,58160
527,Energy/Utilities,MPC,2025-01-14,146.42,150.14,144.85,149.42,2511227.0,37060
528,Energy/Utilities,MPC,2025-01-15,151.37,153.13,150.44,151.95,2456265.0,35303
529,Energy/Utilities,MPC,2025-01-16,151.0,152.955,150.72,151.7,1862238.0,31002
530,Energy/Utilities,MPC,2025-01-17,151.5,153.54,149.9501,152.7,2486506.0,31808
531,Energy/Utilities,MPC,2025-01-21,152.25,152.69,149.47,150.82,2669412.0,36961
532,Energy/Utilities,MPC,2025-01-22,149.32,150.5899,147.42,147.61,3310183.0,38458
533,Energy/Utilities,MPC,2025-01-23,148.8,154.43,148.708,154.31,2949561.0,41201
534,Energy/Utilities,MPC,2025-01-24,153.87,155.72,151.18,151.61,4319391.0,37699
535,Energy/Utilities,MPC,2025-01-27,153.11,154.85,150.9,152.6,2291902.0,40547
536,Energy/Utilities,MPC,2025-01-28,152.6,153.05,149.2,150.64,2204692.0,39940
537,Energy/Utilities,MPC,2025-01-29,150.5,153.09,150.07,151.39,1785432.0,31018
538,Energy/Utilities,MPC,2025-01-30,154.82,155.045,148.35,149.96,2084474.0,36352
539,Energy/Utilities,MPC,2025-01-31,150.18,150.18,145.23,145.71,2721088.0,46957
540,Energy/Utilities,DUK,2025-01-02,108.48,108.88,107.44,107.82,2865548.0,32030
541,Energy/Utilities,DUK,2025-01-03,108.07,108.67,107.65,107.78,2299376.0,32985
542,Energy/Utilities,DUK,2025-01-06,107.35,107.4201,105.9,106.37,4358676.0,39029
543,Energy/Utilities,DUK,2025-01-07,106.68,107.85,106.3,106.81,2976392.0,36794
544,Energy/Utilities,DUK,2025-01-08,106.56,108.445,106.49,108.23,3209462.0,50406
545,Energy/Utilities,DUK,2025-01-10,107.47,108.59,105.44,105.87,2998165.0,46677
546,Energy/Utilities,DUK,2025-01-13,106.47,106.56,105.2,106.14,2387914.0,41490
547,Energy/Utilities,DUK,2025-01-14,106.16,106.88,105.61,106.85,2866270.0,43838
548,Energy/Utilities,DUK,2025-01-15,108.1,108.1,106.35,106.45,3791797.0,48400
549,Energy/Utilities,DUK,2025-01-16,106.1,109.08,105.9021,109.06,2899141.0,47445
550,Energy/Utilities,DUK,2025-01-17,108.73,109.9,108.45,109.26,2928407.0,34138
551,Energy/Utilities,DUK,2025-01-21,110.0,111.35,109.3,110.77,3144239.0,41181
552,Energy/Utilities,DUK,2025-01-22,110.55,110.62,108.63,108.82,4276877.0,43099
553,Energy/Utilities,DUK,2025-01-23,109.3,109.735,108.675,109.34,2612827.0,37531
554,Energy/Utilities,DUK,2025-01-24,108.85,110.25,108.7373,109.86,2695309.0,35214
555,Energy/Utilities,DUK,2025-01-27,111.0,112.76,109.43,112.62,3585222.0,59358
556,Energy/Utilities,DUK,2025-01-28,112.38,112.7,111.28,111.31,3664805.0,51905
557,Energy/Utilities,DUK,2025-01-29,111.48,112.21,110.54,110.62,2744228.0,42854
558,Energy/Utilities,DUK,2025-01-30,112.02,112.4,110.81,112.26,2204828.0,38539
559,Energy/Utilities,DUK,2025-01-31,112.26,112.45,111.375,111.99,3538011.0,47519
560,Energy/Utilities,SHEL,2025-01-02,62.98,63.33,62.8,63.1,3859596.0,40531
561,Energy/Utilities,SHEL,2025-01-03,64.45,64.71,64.225,64.52,5296222.0,46363
562,Energy/Utilities,SHEL,2025-01-06,64.82,65.33,64.61,64.75,3840987.0,42853
563,Energy/Utilities,SHEL,2025-01-07,65.99,66.275,65.665,65.93,5067591.0,50995
564,Energy/Utilities,SHEL,2025-01-08,63.89,64.77,63.81,64.72,5750864.0,56843
565,Energy/Utilities,SHEL,2025-01-10,65.95,66.13,64.58,64.94,4352054.0,47725
566,Energy/Utilities,SHEL,2025-01-13,64.8,65.3958,64.77,64.96,3703069.0,40415
567,Energy/Utilities,SHEL,2025-01-14,65.2,66.065,65.1,65.91,4228835.0,41452
568,Energy/Utilities,SHEL,2025-01-15,66.12,66.48,65.925,66.36,3459781.0,35837
569,Energy/Utilities,SHEL,2025-01-16,66.19,66.74,66.125,66.45,3578189.0,36136
570,Energy/Utilities,SHEL,2025-01-17,66.8,67.28,66.51,66.72,3486314.0,39498
571,Energy/Utilities,SHEL,2025-01-21,66.95,67.05,66.57,66.77,4715386.0,43412
572,Energy/Utilities,SHEL,2025-01-22,66.84,66.84,65.94,65.95,4912864.0,34907
573,Energy/Utilities,SHEL,2025-01-23,66.7,66.905,66.38,66.66,3588463.0,38166
574,Energy/Utilities,SHEL,2025-01-24,66.38,66.455,65.32,65.39,4915895.0,46037
575,Energy/Utilities,SHEL,2025-01-27,65.3,65.38,64.67,65.14,4245483.0,42708
576,Energy/Utilities,SHEL,2025-01-28,65.15,65.3,64.21,64.58,3776182.0,41614
577,Energy/Utilities,SHEL,2025-01-29,64.44,64.965,64.39,64.78,4246173.0,43396
578,Energy/Utilities,SHEL,2025-01-30,66.03,66.95,65.95,66.65,6257910.0,62112
579,Energy/Utilities,SHEL,2025-01-31,67.07,67.115,65.69,65.85,5424691.0,51532
580,Energy/Utilities,PSX,2025-01-02,114.76,115.5,113.825,114.41,2538219.0,35844
581,Energy/Utilities,PSX,2025-01-03,115.44,116.4532,114.37,116.09,2046020.0,33485
582,Energy/Utilities,PSX,2025-01-06,115.74,117.63,114.79,115.17,2324818.0,36339
583,Energy/Utilities,PSX,2025-01-07,116.08,117.28,114.67,115.19,2526254.0,32912
584,Energy/Utilities,PSX,2025-01-08,114.05,116.42,113.8,116.25,3037168.0,34176
585,Energy/Utilities,PSX,2025-01-10,115.14,115.86,112.48,113.93,4525937.0,56210
586,Energy/Utilities,PSX,2025-01-13,114.0,117.3,113.715,115.98,4153787.0,51636
587,Energy/Utilities,PSX,2025-01-14,116.06,117.3,114.52,117.27,3284040.0,45853
588,Energy/Utilities,PSX,2025-01-15,118.45,119.72,117.8337,119.0,2643023.0,38845
589,Energy/Utilities,PSX,2025-01-16,118.45,119.86,118.18,119.63,1985905.0,33242
590,Energy/Utilities,PSX,2025-01-17,119.72,120.98,118.7355,120.53,2722263.0,33240
591,Energy/Utilities,PSX,2025-01-21,120.22,120.9322,119.3526,120.49,3605909.0,35766
592,Energy/Utilities,PSX,2025-01-22,119.57,120.82,118.35,118.55,2166339.0,32051
593,Energy/Utilities,PSX,2025-01-23,119.65,122.68,119.435,122.62,2233073.0,35995
594,Energy/Utilities,PSX,2025-01-24,122.47,123.96,121.42,121.86,2196689.0,35057
595,Energy/Utilities,PSX,2025-01-27,122.91,124.6,121.89,123.08,3030023.0,51959
596,Energy/Utilities,PSX,2025-01-28,123.12,124.07,120.2,121.18,3025444.0,39876
597,Energy/Utilities,PSX,2025-01-29,121.21,123.305,121.0523,122.16,1720303.0,32309
598,Energy/Utilities,PSX,2025-01-30,124.45,124.56,119.81,120.84,3878923.0,47034
599,Energy/Utilities,PSX,2025-01-31,119.96,120.83,116.72,117.87,7254055.0,65173
600,Healthcare,BIIB,2025-01-02,153.84,154.12,149.84,150.0,1097435.0,25990
601,Healthcare,BIIB,2025-01-03,149.73,152.97,149.73,152.21,1188706.0,25074
602,Healthcare,BIIB,2025-01-06,151.93,153.6,151.62,153.27,1319993.0,26890
603,Healthcare,BIIB,2025-01-07,153.11,156.37,152.9049,153.15,1110443.0,25201
604,Healthcare,BIIB,2025-01-08,152.27,152.82,150.07,150.75,1038787.0,20387
605,Healthcare,BIIB,2025-01-10,149.18,150.2,147.65,148.82,1256392.0,26956
606,Healthcare,BIIB,2025-01-13,148.92,150.48,145.82,150.18,1142917.0,27263
607,Healthcare,BIIB,2025-01-14,149.92,150.22,142.42,143.06,1709965.0,36636
608,Healthcare,BIIB,2025-01-15,145.46,146.15,140.87,141.0,1557573.0,34219
609,Healthcare,BIIB,2025-01-16,140.49,142.3875,140.05,141.23,1198803.0,23431
610,Healthcare,BIIB,2025-01-17,143.13,143.5,140.0605,140.55,1150005.0,23034
611,Healthcare,BIIB,2025-01-21,141.0,142.09,140.59,140.98,1183497.0,25908
612,Healthcare,BIIB,2025-01-22,140.75,143.15,139.71,142.75,1083104.0,26207
613,Healthcare,BIIB,2025-01-23,143.14,143.77,139.8295,143.67,1466135.0,26249
614,Healthcare,BIIB,2025-01-24,143.45,146.33,141.975,146.2,1303128.0,25718
615,Healthcare,BIIB,2025-01-27,146.55,149.6665,146.55,148.76,1662698.0,35410
616,Healthcare,BIIB,2025-01-28,148.29,148.55,145.08,145.49,1301853.0,30042
617,Healthcare,BIIB,2025-01-29,145.1,147.38,143.34,144.41,1484380.0,28540
618,Healthcare,BIIB,2025-01-30,145.84,147.64,145.24,146.23,1110910.0,24280
619,Healthcare,BIIB,2025-01-31,145.2,147.4,143.63,143.93,1402243.0,26355
